product_code,attribute_code,attribute_value
1,SSZ,1 Cup (245g)
1,SPC,about 2
1,CAL,120
1,CFF,40
1,TFT,7%
1,SFT,10%
1,CHL,7%
1,SDM,22%
1,TCB,5%
1,DFB,5%
1,TFT_2,4.5g
1,SFT_2,2g
1,TRF_2,0g
1,CHL_2,20mg
1,SDM_2,530mg
1,TCB_2,16g
1,DFB_2,1g
1,SGR_2,1g
1,PRN,5g
1,VTMA,10%
1,VTMC,2%
1,CAL,2%
1,IRN,6%
1,CAL_3,"2,000"
1,CAL_4,"2,500"
1,TLF_4,65g
1,STF_4,20g
1,CHL_4,300mg
1,SDM_4,"2,400mg"
1,TLC_4,300g
1,DTF_4,25g
1,TLF_5,80g
1,STF_5,25g
1,CHL_5,300mg
1,SDM_5,"2,400mg"
1,TLC_5,375g
1,DTF_5,30g
1,INGR,"Filtered Water, Cooked Chicken Meat (Chicken Meat, Water, Potato Starch, Sea Salt), Organic Carrots, Organic Peas, Organic Corn Starch and/or Organic Potato Starch, Organic Dumplings (Organic Semolina [Wheat], Organic Egg Whites), Organic Cream (Milk), Organic Chicken Broth Concentrate (Organic Chicken Broth [Organic Chicken Stock, Sea Salt], Organic Chicken Flavor [Organic Chicken Flavor, Sea Salt], Organic Chicken Fat, Sea Salt, Organic Vegetable Flavoring [Organic Carrot, Organic Onion], Organic Vegetables [Organic Celery, Organic Carrot, Organic Onion], Organic Tomato Paste, Organic Turmeric, Organic Carrot Powder, Organic Onion Powder, Organic Potato Flour, Flavor, Organic Canola Oil, Organic Flavor), Natural Flavors, Sea Salt, Organic Garlic Powder, Organic Onion Powder, Organic Spices, Organic Turmeric. 
Contains: Wheat, Eggs, Milk. "
1,LLSDM,FALSE
1,NDRY,FALSE
1,VGN,FALSE
1,ORGNC,TRUE
1,NGMO,TRUE
1,VGTRN,FALSE
1,KSHR,FALSE
1,GLUFR,FALSE
1,SYFR,TRUE
2,SSZ,1 Cup (240mL)
2,SPC,4
2,CAL,40
2,CFF,0
2,TFT,0%
2,SFT,0%
2,CHL,2%
2,SDM,13%
2,TCB,0%
2,DFB,0%
2,PRN,17%
2,TFT_2,0g
2,SFT_2,0g
2,TRF_2,0g
2,CHL_2,5mg
2,SDM_2,300mg
2,TCB_2,0g
2,DFB_2,0g
2,SGR_2,0g
2,PRN,9g
2,VTMA,0%
2,VTMC,0%
2,CAL,0%
2,IRN,2%
2,CAL_3,"2,000"
2,CAL_4,"2,500"
2,TLF_4,65g
2,STF_4,20g
2,CHL_4,300mg
2,SDM_4,"2,400mg"
2,TLC_4,300g
2,DTF_4,25g
2,TLF_5,80g
2,STF_5,25g
2,CHL_5,300mg
2,SDM_5,"2,400mg"
2,TLC_5,375g
2,DTF_5,30g
2,INGR,"Chicken Stock, Organic Chicken Flavor (Contains Organic Chicken), Sea Salt."
2,LLSDM,FALSE
2,NDRY,TRUE
2,VGN,FALSE
2,ORGNC,FALSE
2,NGMO,TRUE
2,VGTRN,FALSE
2,KSHR,FALSE
2,GLUFR,TRUE
2,SYFR,TRUE
3,SSZ,1 Cup (240mL)
3,SPC,4
3,CAL,70
3,CFF,10
3,TFT,2%
3,SFT,0%
3,CHL,0%
3,SDM,22%
3,TCB,5%
3,DFB,9%
3,TFT_2,1g
3,SFT_2,0g
3,TRF_2,0g
3,CHL_2,0mg
3,SDM_2,520mg
3,TCB_2,14g
3,DFB_2,2g
3,SGR_2,4g
3,PRN,2g
3,VTMA,2%
3,VTMC,20%
3,CAL,4%
3,IRN,4%
3,CAL_3,"2,000"
3,CAL_4,"2,500"
3,TLF_4,65g
3,STF_4,20g
3,CHL_4,300mg
3,SDM_4,"2,400mg"
3,TLC_4,300g
3,DTF_4,25g
3,TLF_5,80g
3,STF_5,25g
3,CHL_5,300mg
3,SDM_5,"2,400mg"
3,TLC_5,375g
3,DTF_5,30g
3,INGR,"Filtered Water, Organic Broccoli, Organic Potatoes, Organic Tapioca Starch Flour, Organic Celery, Organic Onions, Organic Leeks, Organic Evaporated Cane Syrup, Sea Salt, Organic Garlic, Organic Expeller Pressed Canola Oil and/or Organic Safflower Oil and/or Organic Sunflower Oil, Organic Onion Powder, Organic Spices."
3,LLSDM,FALSE
3,NDRY,TRUE
3,VGN,TRUE
3,ORGNC,TRUE
3,NGMO,TRUE
3,VGTRN,TRUE
3,KSHR,TRUE
3,GLUFR,TRUE
3,SYFR,TRUE
4,SSZ,1 Cup (240mL)
4,SPC,4
4,CAL,100
4,CFF,15
4,TFT,2%
4,SFT,0%
4,CHL,0%
4,SDM,19%
4,TCB,7%
4,DFB,9%
4,TFT_2,1.5g
4,SFT_2,0g
4,TRF_2,0g
4,CHL_2,0mg
4,SDM_2,460mg
4,TCB_2,20g
4,DFB_2,2g
4,SGR_2,7g
4,PRN,1g
4,VTMA,45%
4,VTMC,10%
4,CAL,4%
4,IRN,4%
4,CAL_3,"2,000"
4,CAL_4,"2,500"
4,TLF_4,65g
4,STF_4,20g
4,CHL_4,300mg
4,SDM_4,"2,400mg"
4,TLC_4,300g
4,DTF_4,25g
4,TLF_5,80g
4,STF_5,25g
4,CHL_5,300mg
4,SDM_5,"2,400mg"
4,TLC_5,375g
4,DTF_5,30g
4,INGR,"Filtered Water, Organic Butternut Squash, Organic Onions, Organic Rice Syrup, Organic Expeller Pressed Canola Oil and/or Organic Safflower Oil and/or Organic Sunflower Oil, Organic Rice Flour, Sea Salt, Organic Spices."
4,LLSDM,FALSE
4,NDRY,TRUE
4,VGN,TRUE
4,ORGNC,TRUE
4,NGMO,TRUE
4,VGTRN,TRUE
4,KSHR,TRUE
4,GLUFR,TRUE
4,SYFR,TRUE
5,SSZ,1 Cup (240mL)
5,SPC,4
5,CAL,70
5,CFF,10
5,TFT,2%
5,SFT,5%
5,CHL,0%
5,SDM,25%
5,TCB,5%
5,DFB,11%
5,TFT_2,1g
5,SFT_2,1g
5,TRF_2,0g
5,CHL_2,0mg
5,SDM_2,610mg
5,TCB_2,14g
5,DFB_2,3g
5,SGR_2,4g
5,PRN,2g
5,VTMA,0%
5,VTMC,15%
5,CAL,2%
5,IRN,4%
5,CAL_3,"2,000"
5,CAL_4,"2,500"
5,TLF_4,65g
5,STF_4,20g
5,CHL_4,300mg
5,SDM_4,"2,400mg"
5,TLC_4,300g
5,DTF_4,25g
5,TLF_5,80g
5,STF_5,25g
5,CHL_5,300mg
5,SDM_5,"2,400mg"
5,TLC_5,375g
5,DTF_5,30g
5,INGR,"Filtered Water, Cauliflower, Organic Potatoes, Organic Onions, Organic Parsnips, Organic Coconut Cream, Organic Tapioca Starch Flour, Organic Evaporated Cane Syrup, Sea Salt, Organic Lemon Juice Concentrate, Organic Spices, Organic Garlic Powder, Organic Onion Powder, Natural Flavors. 
Contains: Coconut."
5,LLSDM,FALSE
5,NDRY,TRUE
5,VGN,TRUE
5,ORGNC,FALSE
5,NGMO,TRUE
5,VGTRN,TRUE
5,KSHR,TRUE
5,GLUFR,TRUE
5,SYFR,TRUE
6,SSZ,1 Cup (240mL)
6,SPC,4
6,CAL,80
6,CFF,25
6,TFT,4%
6,SFT,0%
6,CHL,0%
6,SDM,18%
6,TCB,4%
6,DFB,6%
6,TFT_2,2.5g
6,SFT_2,0g
6,TRF_2,0g
6,CHL_2,0mg
6,SDM_2,420mg
6,TCB_2,12g
6,DFB_2,1g
6,SGR_2,1g
6,PRN,2g
6,VTMA,0%
6,VTMC,2%
6,CAL,2%
6,IRN,2%
6,CAL_3,"2,000"
6,CAL_4,"2,500"
6,TLF_4,65g
6,STF_4,20g
6,CHL_4,300mg
6,SDM_4,"2,400mg"
6,TLC_4,300g
6,DTF_4,25g
6,TLF_5,80g
6,STF_5,25g
6,CHL_5,300mg
6,SDM_5,"2,400mg"
6,TLC_5,375g
6,DTF_5,30g
6,INGR,"Filtered Water, Portobello Mushrooms, Organic Potatoes, Organic Onions, Organic Celery, Organic Tapioca Starch, Organic Expeller Pressed Canola Oil and/or Organic Safflower Oil and/or Organic Sunflower Oil, Sea Salt, Organic Roasted Garlic, Mushroom Juice Concentrate, Organic Garlic Powder, Organic Onion Powder, Natural Flavors, Organic Spices. "
6,LLSDM,FALSE
6,NDRY,TRUE
6,VGN,TRUE
6,ORGNC,FALSE
6,NGMO,TRUE
6,VGTRN,TRUE
6,KSHR,TRUE
6,GLUFR,TRUE
6,SYFR,TRUE
7,SSZ,1 Cup (240mL)
7,SPC,4
7,CAL,90
7,CFF,25
7,TFT,4%
7,SFT,0%
7,CHL,0%
7,SDM,18%
7,TCB,5%
7,DFB,9%
7,TFT_2,2.5g
7,SFT_2,0g
7,TRF_2,0g
7,CHL_2,0mg
7,SDM_2,440mg
7,TCB_2,14g
7,DFB_2,2g
7,SGR_2,1g
7,PRN,2g
7,VTMA,0%
7,VTMC,6%
7,CAL,2%
7,IRN,4%
7,CAL_3,"2,000"
7,CAL_4,"2,500"
7,TLF_4,65g
7,STF_4,20g
7,CHL_4,300mg
7,SDM_4,"2,400mg"
7,TLC_4,300g
7,DTF_4,25g
7,TLF_5,80g
7,STF_5,25g
7,CHL_5,300mg
7,SDM_5,"2,400mg"
7,TLC_5,375g
7,DTF_5,30g
7,INGR,"Filtered Water, Organic Potatoes, Organic Onions, Organic Leeks, Organic Tapioca Starch, Organic Expeller Pressed Canola Oil and/or Organic Safflower Oil and/or Organic Sunflower Oil, Sea Salt, Organic Roasted Garlic, Natural Flavors, Organic Onion Powder, Organic Spices."
7,LLSDM,FALSE
7,NDRY,TRUE
7,VGN,TRUE
7,ORGNC,TRUE
7,NGMO,TRUE
7,VGTRN,TRUE
7,KSHR,FALSE
7,GLUFR,TRUE
7,SYFR,TRUE
8,SSZ,1 Cup (240mL)
8,SPC,4
8,CAL,60
8,CFF,5
8,TFT,1%
8,SFT,0%
8,CHL,0%
8,SDM,25%
8,TCB,5%
8,DFB,6%
8,TFT_2,0.5g
8,SFT_2,0g
8,TRF_2,0g
8,CHL_2,0mg
8,SDM_2,590mg
8,TCB_2,14g
8,DFB_2,1g
8,SGR_2,5g
8,PRN,<1g
8,VTMA,20%
8,VTMC,2%
8,CAL,2%
8,IRN,2%
8,CAL_3,"2,000"
8,CAL_4,"2,500"
8,TLF_4,65g
8,STF_4,20g
8,CHL_4,300mg
8,SDM_4,"2,400mg"
8,TLC_4,300g
8,DTF_4,25g
8,TLF_5,80g
8,STF_5,25g
8,CHL_5,300mg
8,SDM_5,"2,400mg"
8,TLC_5,375g
8,DTF_5,30g
8,INGR,"Filtered Water, Organic Pumpkin, Organic Potatoes, Organic Butternut Squash, Organic Sweet Potatoes, Organic Carrots, Organic Onions, Organic Evaporated Cane Syrup, Organic Tapioca Starch, Organic Honey, Sea Salt, Organic Expeller Pressed Canola Oil and/or Organic Safflower Oil and/or Organic Sunflower Oil, Organic Spices, Organic Apple Cider Vinegar, Organic Ginger."
8,LLSDM,FALSE
8,NDRY,TRUE
8,VGN,FALSE
8,ORGNC,TRUE
8,NGMO,TRUE
8,VGTRN,TRUE
8,KSHR,TRUE
8,GLUFR,TRUE
8,SYFR,TRUE
9,SSZ,1 Cup (240mL)
9,SPC,4
9,CAL,80
9,CFF,10
9,TFT,2%
9,SFT,0%
9,CHL,0%
9,SDM,25%
9,TCB,5%
9,DFB,14%
9,TFT_2,1g
9,SFT_2,0g
9,TRF_2,0g
9,CHL_2,0mg
9,SDM_2,590mg
9,TCB_2,14g
9,DFB_2,3g
9,SGR_2,4g
9,PRN,4g
9,VTMA,2%
9,VTMC,8%
9,CAL,2%
9,IRN,6%
9,CAL_3,"2,000"
9,CAL_4,"2,500"
9,TLF_4,65g
9,STF_4,20g
9,CHL_4,300mg
9,SDM_4,"2,400mg"
9,TLC_4,300g
9,DTF_4,25g
9,TLF_5,80g
9,STF_5,25g
9,CHL_5,300mg
9,SDM_5,"2,400mg"
9,TLC_5,375g
9,DTF_5,30g
9,INGR,"Filtered Water, Organic Sweet Peas, Organic Potatoes, Organic Onions, Organic Soymilk (Filtered Water, Organic Soybeans), Sea Salt, Organic Tapioca Starch, Organic Evaporated Cane Syrup, Organic Expeller Pressed Canola Oil and/or Organic Safflower Oil and/or Organic Sunflower Oil, Natural Flavors, Organic Spices. 
Contains: Soy."
9,LLSDM,FALSE
9,NDRY,TRUE
9,VGN,TRUE
9,ORGNC,TRUE
9,NGMO,TRUE
9,VGTRN,TRUE
9,KSHR,TRUE
9,GLUFR,TRUE
9,SYFR,FALSE
10,SSZ,1 Cup (240mL)
10,SPC,4
10,CAL,110
10,CFF,10
10,TFT,2%
10,SFT,0%
10,CHL,0%
10,SDM,19%
10,TCB,8%
10,DFB,11%
10,TFT_2,1g
10,SFT_2,0g
10,TRF_2,0g
10,CHL_2,0mg
10,SDM_2,460mg
10,TCB_2,23g
10,DFB_2,3g
10,SGR_2,7g
10,PRN,2g
10,VTMA,50%
10,VTMC,4%
10,CAL,4%
10,IRN,4%
10,CAL_3,"2,000"
10,CAL_4,"2,500"
10,TLF_4,65g
10,STF_4,20g
10,CHL_4,300mg
10,SDM_4,"2,400mg"
10,TLC_4,300g
10,DTF_4,25g
10,TLF_5,80g
10,STF_5,25g
10,CHL_5,300mg
10,SDM_5,"2,400mg"
10,TLC_5,375g
10,DTF_5,30g
10,INGR,"Filtered Water, Organic Sweet Potatoes, Organic Potatoes, Organic Rice Syrup, Organic Carrots, Sea Salt, Organic Expeller Pressed Canola Oil and/or Organic Safflower Oil and/or Organic Sunflower Oil, Organic Ginger."
10,LLSDM,FALSE
10,NDRY,TRUE
10,VGN,TRUE
10,ORGNC,TRUE
10,NGMO,TRUE
10,VGTRN,TRUE
10,KSHR,TRUE
10,GLUFR,TRUE
10,SYFR,TRUE
11,SSZ,1 Cup (240mL)
11,SPC,4
11,CAL,90
11,CFF,10
11,TFT,2%
11,SFT,0%
11,CHL,0%
11,SDM,18%
11,TCB,6%
11,DFB,13%
11,TFT_2,1g
11,SFT_2,0g
11,TRF_2,0g
11,CHL_2,0mg
11,SDM_2,440mg
11,TCB_2,17g
11,DFB_2,3g
11,SGR_2,8g
11,PRN,3g
11,VTMA,4%
11,VTMC,8%
11,CAL,4%
11,IRN,8%
11,CAL_3,"2,000"
11,CAL_4,"2,500"
11,TLF_4,65g
11,STF_4,20g
11,CHL_4,300mg
11,SDM_4,"2,400mg"
11,TLC_4,300g
11,DTF_4,25g
11,TLF_5,80g
11,STF_5,25g
11,CHL_5,300mg
11,SDM_5,"2,400mg"
11,TLC_5,375g
11,DTF_5,30g
11,INGR,"Filtered Water, Organic Tomato Paste, Organic Potatoes, Organic Onions, Organic Celery, Organic Carrots, Organic Basil, Organic Tapioca Starch, Organic Evaporated Cane Syrup, Organic Garlic, Sea Salt, Organic Expeller Pressed Canola Oil and/or Organic Safflower Oil and/or Organic Sunflower Oil."
11,LLSDM,FALSE
11,NDRY,TRUE
11,VGN,TRUE
11,ORGNC,TRUE
11,NGMO,TRUE
11,VGTRN,TRUE
11,KSHR,TRUE
11,GLUFR,TRUE
11,SYFR,TRUE
12,SSZ,1 Cup (240mL)
12,SPC,4
12,CAL,80
12,CFF,10
12,TFT,2%
12,SFT,0%
12,CHL,0%
12,SDM,25%
12,TCB,5%
12,DFB,10%
12,TFT_2,1g
12,SFT_2,0g
12,TRF_2,0g
12,CHL_2,0mg
12,SDM_2,600mg
12,TCB_2,15g
12,DFB_2,2g
12,SGR_2,9g
12,PRN,2g
12,VTMA,4%
12,VTMC,8%
12,CAL,2%
12,IRN,6% 
12,CAL_3,"2,000"
12,CAL_4,"2,500"
12,TLF_4,65g
12,STF_4,20g
12,CHL_4,300mg
12,SDM_4,"2,400mg"
12,TLC_4,300g
12,DTF_4,25g
12,TLF_5,80g
12,STF_5,25g
12,CHL_5,300mg
12,SDM_5,"2,400mg"
12,TLC_5,375g
12,DTF_5,30g
12,INGR,"Filtered Water, Organic Tomato Paste, Organic Onions, Organic Celery, Organic Potatoes, Organic Carrots, Organic Evaporated Cane Syrup, Organic Tapioca Starch Flour, Sea Salt, Organic Garlic, Organic Expeller Pressed Canola Oil and/or Organic Safflower Oil and/or Organic Sunflower Oil, Organic Spices."
12,LLSDM,FALSE
12,NDRY,TRUE
12,VGN,TRUE
12,ORGNC,TRUE
12,NGMO,TRUE
12,VGTRN,TRUE
12,KSHR,TRUE
12,GLUFR,TRUE
12,SYFR,TRUE
13,SSZ,1 Cup (240mL)
13,SPC,4
13,CAL,20
13,CFF,5
13,TFT,1%
13,SFT,0%
13,CHL,1%
13,SDM,31%
13,TCB,1%
13,DFB,0%
13,TFT_2,0.5g
13,SFT_2,0g
13,TRF_2,0g
13,CHL_2,<5mg
13,SDM_2,740mg
13,TCB_2,2g
13,DFB_2,0g
13,SGR_2,<1g
13,PRN,1g
13,VTMA,6%
13,VTMC,0%
13,CAL,0%
13,IRN,0%
13,CAL_3,"2,000"
13,CAL_4,"2,500"
13,TLF_4,65g
13,STF_4,20g
13,CHL_4,300mg
13,SDM_4,"2,400mg"
13,TLC_4,300g
13,DTF_4,25g
13,TLF_5,80g
13,STF_5,25g
13,CHL_5,300mg
13,SDM_5,"2,400mg"
13,TLC_5,375g
13,DTF_5,30g
13,INGR,"Organic Chicken Broth (Filtered Water, Organic Chicken), Organic Onions, Organic Celery, Organic Carrots, Sea Salt, Natural Chicken Flavor, Organic Spices."
13,LLSDM,FALSE
13,NDRY,TRUE
13,VGN,FALSE
13,ORGNC,TRUE
13,NGMO,TRUE
13,VGTRN,FALSE
13,KSHR,FALSE
13,GLUFR,TRUE
13,SYFR,TRUE
14,SSZ,1 Cup (245g)
14,SPC,about 2
14,CAL,70
14,CFF,15
14,TFT,2%
14,SFT,0%
14,CHL,0%
14,SDM,31%
14,TCB,4%
14,DFB,7%
14,TFT_2,1.5g
14,SFT_2,0g
14,TRF_2,0g
14,CHL_2,0mg
14,SDM_2,750mg
14,TCB_2,11g
14,DFB_2,2g
14,SGR_2,3g
14,PRN,4g
14,VTMA,2%
14,VTMC,6%
14,CAL,2%
14,IRN,6%
14,CAL_3,"2,000"
14,CAL_4,"2,500"
14,TLF_4,65g
14,STF_4,20g
14,CHL_4,300mg
14,SDM_4,"2,400mg"
14,TLC_4,300g
14,DTF_4,25g
14,TLF_5,80g
14,STF_5,25g
14,CHL_5,300mg
14,SDM_5,"2,400mg"
14,TLC_5,375g
14,DTF_5,30g
14,INGR,"Filtered Water, Carrots*, Mushrooms*, Red Bell Peppers, Pasta* (Durum* [Wheat], Egg Whites*), Soy Sauce* (Soybeans*, Wheat*, Salt), Yellow Miso Paste* (Soybeans*, Rice*, Sea Salt, Koji Starter {Aspergillus Oryzae]), Corn Starch*, Tofu (Soybeans, Magnesium Chloride, Calcium Sulfate), Evaporated Cane Syrup*, Ginger Puree, Rice Vinegar*, Sea Salt, Vegetable Flavor* (Includes Vegetables* [Carrot*, Onion*, Celery*], Canola Oil*, Carrot Powder*, Potato Flour*, Spice*), Toasted Sesame Oil*, Natural Flavors Spices*, Onion Powder*. 
Contains: Wheat, Egg, Soy. 
*Adds a trivial amount of fat. "
14,LLSDM,FALSE
14,NDRY,TRUE
14,VGN,TRUE
14,ORGNC,FALSE
14,NGMO,TRUE
14,VGTRN,TRUE
14,KSHR,FALSE
14,GLUFR,FALSE
14,SYFR,TRUE
15,SSZ,1 Cup (240mL)
15,SPC,4
15,CAL,40
15,CFF,0
15,TFT,0%
15,SFT,0%
15,CHL,0%
15,SDM,13%
15,TCB,0%
15,DFB,0%
15,PRN,17%
15,TFT_2,0g
15,SFT_2,0g
15,TRF_2,0g
15,CHL_2,0mg
15,SDM_2,300mg
15,TCB_2,0g
15,DFB_2,0g
15,SGR_2,0g
15,PRN,10g
15,VTMA,0%
15,VTMC,0%
15,CAL,0%
15,IRN,0%
15,CAL_3,"2,000"
15,CAL_4,"2,500"
15,TLF_4,65g
15,STF_4,20g
15,CHL_4,300mg
15,SDM_4,"2,400mg"
15,TLC_4,300g
15,DTF_4,25g
15,TLF_5,80g
15,STF_5,25g
15,CHL_5,300mg
15,SDM_5,"2,400mg"
15,TLC_5,375g
15,DTF_5,30g
15,INGR,"Chicken Stock, Beef Stock, Turkey Broth, Contains Less Than 2% of: Chicken Fat*, Flavoring, Salt, Sea Salt.
*Adds a trivial amount of fat. "
15,LLSDM,FALSE
15,NDRY,TRUE
15,VGN,FALSE
15,ORGNC,FALSE
15,NGMO,TRUE
15,VGTRN,FALSE
15,KSHR,FALSE
15,GLUFR,TRUE
15,SYFR,TRUE
16,SSZ,1 Cup (245g)
16,SPC,about 2
16,CAL,90
16,CFF,20
16,TFT,4%
16,SFT,3%
16,CHL,7%
16,SDM,20%
16,TCB,4%
16,DFB,4%
16,TFT_2,2.5g
16,SFT_2,0.5g
16,TRF_2,0g
16,CHL_2,20mg
16,SDM_2,480mg
16,TCB_2,12g
16,DFB_2,1g
16,SGR_2,2g
16,PRN,5g
16,VTMA,20%
16,VTMC,0%
16,CAL,2%
16,IRN,4%
16,CAL_3,"2,000"
16,CAL_4,"2,500"
16,TLF_4,65g
16,STF_4,20g
16,CHL_4,300mg
16,SDM_4,"2,400mg"
16,TLC_4,300g
16,DTF_4,25g
16,TLF_5,80g
16,STF_5,25g
16,CHL_5,300mg
16,SDM_5,"2,400mg"
16,TLC_5,375g
16,DTF_5,30g
16,INGR,"Filtered Water, Organic Carrots, Cooked Chicken Meat (Chicken Meat, Water, Potato Starch, Sea Salt), Organic Pasta (Organic Wheat Flour, Organic Egg White, Organic Whole Egg), Organic Celery, Organic Chicken Broth Concentrate (Organic Chicken Broth [Organic Chicken Stock, Sea Salt], Organic Chicken Flavor [Organic Chicken Flavor, Sea Salt], Organic Chicken Fat, Sea Salt, Organic Vegetable Flavoring [Organic Carrot, Organic Onion], Organic Vegetables [Organic Celery, Organic Carrot, Organic Onion], Organic Tomato Paste, Organic Turmeric, Organic Carrot Powder, Organic Onion Powder, Organic Potato Flour, Flavor, Organic Canola Oil, Organic Flavor), Organic Potato Starch, Potato Starch, Organic Evaporated Cane Syrup, Organic Chicken Fat, Sea Salt, Organic Garlic Powder, Organic Onion Powder, Organic Parsley.
Contains: Wheat, Egg. "
16,LLSDM,FALSE
16,NDRY,TRUE
16,VGN,FALSE
16,ORGNC,FALSE
16,NGMO,TRUE
16,VGTRN,FALSE
16,KSHR,FALSE
16,GLUFR,FALSE
16,SYFR,TRUE
17,SSZ,1 Cup (245g)
17,SPC,about 2
17,CAL,150
17,CFF,40
17,TFT,7%
17,SFT,10%
17,CHL,3%
17,SDM,20%
17,TCB,7%
17,DFB,14%
17,TFT_2,4.5g
17,SFT_2,2g
17,TRF_2,0g
17,CHL_2,10mg
17,SDM_2,480mg
17,TCB_2,20g
17,DFB_2,4g
17,SGR_2,3g
17,PRN,7g
17,VTMA,15%
17,VTMC,4%
17,CAL,6%
17,IRN,8%
17,CAL_3,"2,000"
17,CAL_4,"2,500"
17,TLF_4,65g
17,STF_4,20g
17,CHL_4,300mg
17,SDM_4,"2,400mg"
17,TLC_4,300g
17,DTF_4,25g
17,TLF_5,80g
17,STF_5,25g
17,CHL_5,300mg
17,SDM_5,"2,400mg"
17,TLC_5,375g
17,DTF_5,30g
17,INGR,"Filtered Water, Cooked Meatballs (Beef, Water, Egg Whites, Bread Crumbs [Wheat Flour, Salt, Yeast], Dehydrated Onion, Evaporated Cane Syrup, Salt, Flavors), Organic Spinach, Organic Pasta (Organic Semolina, Organic Egg White), Organic Navy Beans, Organic Tomato Paste, Organic Onions, Organic Celery, Organic Corn Starch and/or Potato Starch, Organic Evaporated Cane Syrup, Flavors, Sea Salt, Organic Chicken Broth Concentrate (Organic Chicken Broth [Organic Chicken Stock, Sea Salt], Organic Chicken Flavor [Organic Chicken Flavor, Sea Salt], Organic Chicken Fat, Sea Salt, Organic Vegetable Flavoring [Organic Carrot, Organic Onion], Organic Vegetables [Organic Celery, Organic Carrot, Organic Onion], Organic Tomato Paste, Organic Turmeric, Organic Carrot Powder, Organic Onion Powder, Organic Potato Flour, Flavor, Organic Canola Oil, Organic Flavor), Organic Spices, Organic Turmeric. 
Contains: Wheat, Egg. "
17,LLSDM,FALSE
17,NDRY,TRUE
17,VGN,FALSE
17,ORGNC,FALSE
17,NGMO,TRUE
17,VGTRN,FALSE
17,KSHR,FALSE
17,GLUFR,FALSE
17,SYFR,TRUE
18,SSZ,1 Cup (245g)
18,SPC,about 2
18,CAL,130
18,CFF,15
18,TFT,2%
18,SFT,0%
18,CHL,0%
18,SDM,24%
18,TCB,8%
18,DFB,27%
18,TFT_2,1.5g
18,SFT_2,0g
18,TRF_2,0g
18,CHL_2,0mg
18,SDM_2,580mg
18,TCB_2,25g
18,DFB_2,7g
18,SGR_2,5g
18,PRN,5g
18,VTMA,20%
18,VTMC,6%
18,CAL,8%
18,IRN,8%
18,CAL_3,"2,000"
18,CAL_4,"2,500"
18,TLF_4,65g
18,STF_4,20g
18,CHL_4,300mg
18,SDM_4,"2,400mg"
18,TLC_4,300g
18,DTF_4,25g
18,TLF_5,80g
18,STF_5,25g
18,CHL_5,300mg
18,SDM_5,"2,400mg"
18,TLC_5,375g
18,DTF_5,30g
18,INGR,"Filtered Water, Organic Carrots, Organic White Beans, Organic Fire Roasted Tomatoes, Organic Onions, Organic Corn Starch and/or Organic Potato Starch, Organic Peas, Organic Celery, Organic Tomato Paste, Organic Green Beans, Organic Spinach, Organic Roasted Garlic, Sea Salt, Natural Flavors, Organic Evaporated Cane Syrup, Organic Expeller Pressed Canola Oil and/or Organic Safflower Oil and/or Organic Sunflower Oil, Organic Spices. "
18,LLSDM,FALSE
18,NDRY,TRUE
18,VGN,TRUE
18,ORGNC,TRUE
18,NGMO,TRUE
18,VGTRN,TRUE
18,KSHR,FALSE
18,GLUFR,FALSE
18,SYFR,TRUE
19,SSZ,1 Cup (240mL)
19,SPC,4
19,CAL,5
19,CFF,0
19,TFT,0%
19,SFT,0%
19,CHL,0%
19,SDM,18%
19,TCB,0%
19,DFB,0%
19,TFT_2,0g
19,SFT_2,0g
19,TRF_2,0g
19,CHL_2,0mg
19,SDM_2,440mg
19,TCB_2,0g
19,DFB_2,0g
19,SGR_2,0g
19,PRN,<1g
19,VTMA,0%
19,VTMC,0%
19,CAL,0%
19,IRN,0%
19,CAL_3,"2,000"
19,CAL_4,"2,500"
19,TLF_4,65g
19,STF_4,20g
19,CHL_4,300mg
19,SDM_4,"2,400mg"
19,TLC_4,300g
19,DTF_4,25g
19,TLF_5,80g
19,STF_5,25g
19,CHL_5,300mg
19,SDM_5,"2,400mg"
19,TLC_5,375g
19,DTF_5,30g
19,INGR,"Filtered Water, Organic Chicken Broth Flavor Base (Organic Chicken Flavor [Includes Organic Chicken], Sea Salt, Organic Soy Sauce [Water, Organic Soybeans, Salt], Organic Vegetables [Organic Carrot, Organic Celery, Organic Onion], Organic Canola Oil*, Organic Onion Powder, Yeast Extract, Xanthan Gum, Organic Olive Oil*, Organic Turmeric, Organic Flavor), Sea Salt. 
*Adds a trivial amount of fat. 
Contains: Soy."
19,LLSDM,FALSE
19,NDRY,TRUE
19,VGN,FALSE
19,ORGNC,TRUE
19,NGMO,TRUE
19,VGTRN,FALSE
19,KSHR,TRUE
19,GLUFR,TRUE
19,SYFR,TRUE
20,SSZ,1 Cup (240mL)
20,SPC,4
20,CAL,100
20,CFF,15
20,TFT,2%
20,SFT,0%
20,CHL,0%
20,SDM,10%
20,TCB,7%
20,DFB,9%
20,TFT_2,1.5g
20,SFT_2,0g
20,TRF_2,0g
20,CHL_2,0mg
20,SDM_2,230mg
20,TCB_2,21g
20,DFB_2,2g
20,SGR_2,7g
20,PRN,1g
20,VTMA,45%
20,VTMC,10%
20,CAL,4%
20,IRN,4%
20,CAL_3,"2,000"
20,CAL_4,"2,500"
20,TLF_4,65g
20,STF_4,20g
20,CHL_4,300mg
20,SDM_4,"2,400mg"
20,TLC_4,300g
20,DTF_4,25g
20,TLF_5,80g
20,STF_5,25g
20,CHL_5,300mg
20,SDM_5,"2,400mg"
20,TLC_5,375g
20,DTF_5,30g
20,INGR,"Filtered Water, Organic Butternut Squash, Organic Onions, Organic Rice Syrup, Organic Rice Flour, Organic Expeller Pressed Canola Oil and/or Organic Safflower Oil and/or Organic Sunflower Oil, Sea Salt, Organic Spices. "
20,LLSDM,TRUE
20,NDRY,TRUE
20,VGN,TRUE
20,ORGNC,TRUE
20,NGMO,TRUE
20,VGTRN,TRUE
20,KSHR,TRUE
20,GLUFR,TRUE
20,SYFR,TRUE
21,SSZ,1 Cup (240mL)
21,SPC,4
21,CAL,70
21,CFF,10
21,TFT,2%
21,SFT,0%
21,CHL,0%
21,SDM,11%
21,TCB,5%
21,DFB,9%
21,TFT_2,1g
21,SFT_2,0g
21,TRF_2,0g
21,CHL_2,0mg
21,SDM_2,260mg
21,TCB_2,14g
21,DFB_2,2g
21,SGR_2,4g
21,PRN,2g
21,VTMA,2%
21,VTMC,20%
21,CAL,4%
21,IRN,4%
21,CAL_3,"2,000"
21,CAL_4,"2,500"
21,TLF_4,65g
21,STF_4,20g
21,CHL_4,300mg
21,SDM_4,"2,400mg"
21,TLC_4,300g
21,DTF_4,25g
21,TLF_5,80g
21,STF_5,25g
21,CHL_5,300mg
21,SDM_5,"2,400mg"
21,TLC_5,375g
21,DTF_5,30g
21,INGR,"Filtered Water, Organic Broccoli, Organic Potatoes, Organic Tapioca Starch Flour, Organic Celery, Organic Onions, Organic Leeks, Organic Evaporated Cane Syrup, Organic Garlic, Organic Expeller Pressed Canola Oil and/or Organic Safflower Oil and/or Organic Sunflower Oil, Sea Salt, Organic Onion Powder, Organic Spices."
21,LLSDM,TRUE
21,NDRY,TRUE
21,VGN,TRUE
21,ORGNC,TRUE
21,NGMO,TRUE
21,VGTRN,TRUE
21,KSHR,TRUE
21,GLUFR,TRUE
21,SYFR,TRUE
22,SSZ,1 Cup (240mL)
22,SPC,4
22,CAL,80
22,CFF,10
22,TFT,2%
22,SFT,0%
22,CHL,0%
22,SDM,13%
22,TCB,5%
22,DFB,10%
22,TFT_2,1g
22,SFT_2,0g
22,TRF_2,0g
22,CHL_2,0mg
22,SDM_2,300mg
22,TCB_2,16g
22,DFB_2,2g
22,SGR_2,9g
22,PRN,2g
22,VTMA,4%
22,VTMC,8%
22,CAL,2%
22,IRN,6%
22,CAL_3,"2,000"
22,CAL_4,"2,500"
22,TLF_4,65g
22,STF_4,20g
22,CHL_4,300mg
22,SDM_4,"2,400mg"
22,TLC_4,300g
22,DTF_4,25g
22,TLF_5,80g
22,STF_5,25g
22,CHL_5,300mg
22,SDM_5,"2,400mg"
22,TLC_5,375g
22,DTF_5,30g
22,INGR,"Filtered Water, Organic Tomato Paste, Organic Onions, Organic Celery, Organic Potatoes, Organic Carrots, Organic Evaporated Cane Syrup, Organic Tapioca Starch Flour, Organic Garlic, Sea Salt, Organic Expeller Pressed Canola Oil and/or Organic Safflower Oil and/or Organic Sunflower Oil, Organic Spices. "
22,LLSDM,TRUE
22,NDRY,TRUE
22,VGN,TRUE
22,ORGNC,TRUE
22,NGMO,TRUE
22,VGTRN,TRUE
22,KSHR,TRUE
22,GLUFR,TRUE
22,SYFR,TRUE
23,SSZ,1 Cup (240mL)
23,SPC,4
23,CAL,90
23,CFF,25
23,TFT,4%
23,SFT,0%
23,CHL,0%
23,SDM,8%
23,TCB,6%
23,DFB,8%
23,TFT_2,2.5g
23,SFT_2,0g
23,TRF_2,0g
23,CHL_2,0mg
23,SDM_2,190mg
23,TCB_2,17g
23,DFB_2,2g
23,SGR_2,3g
23,PRN,2g
23,VTMA,0%
23,VTMC,4%
23,CAL,0%
23,IRN,4%
23,CAL_3,"2,000"
23,CAL_4,"2,500"
23,TLF_4,65g
23,STF_4,20g
23,CHL_4,300mg
23,SDM_4,"2,400mg"
23,TLC_4,300g
23,DTF_4,25g
23,TLF_5,80g
23,STF_5,25g
23,CHL_5,300mg
23,SDM_5,"2,400mg"
23,TLC_5,375g
23,DTF_5,30g
23,INGR,"Filtered Water, Organic Corn, Organic Onions, Organic Potatoes, Organic Celery, Organic Tapioca Starch, Organic Expeller Pressed Canola Oil an/or Organic Safflower Oil and/or Organic Sunflower Oil, Sea Salt, Natural Flavors, Organic Spices."
23,LLSDM,TRUE
23,NDRY,TRUE
23,VGN,TRUE
23,ORGNC,TRUE
23,NGMO,TRUE
23,VGTRN,TRUE
23,KSHR,TRUE
23,GLUFR,TRUE
23,SYFR,TRUE
24,SSZ,1 Cup (240mL)
24,SPC,4
24,CAL,90
24,CFF,25
24,TFT,4%
24,SFT,0%
24,CHL,0%
24,SDM,9%
24,TCB,6%
24,DFB,8%
24,TFT_2,2.5g
24,SFT_2,0g
24,TRF_2,0g
24,CHL_2,0mg
24,SDM_2,220mg
24,TCB_2,17g
24,DFB_2,2g
24,SGR_2,2g
24,PRN,2g
24,VTMA,0%
24,VTMC,10%
24,CAL,2%
24,IRN,4%
24,CAL_3,"2,000"
24,CAL_4,"2,500"
24,TLF_4,65g
24,STF_4,20g
24,CHL_4,300mg
24,SDM_4,"2,400mg"
24,TLC_4,300g
24,DTF_4,25g
24,TLF_5,80g
24,STF_5,25g
24,CHL_5,300mg
24,SDM_5,"2,400mg"
24,TLC_5,375g
24,DTF_5,30g
24,INGR,"Filtered Water, Organic Red Potatoes, Organic Onions, Organic Roasted Garlic, Organic Expeller Pressed Canola Oil and/or Organic Safflower Oil and/or Organic Sunflower Oil, Organic Chives, Sea Salt, Natural Flavors, Organic Spices, Organic Onion Powder. "
24,LLSDM,TRUE
24,NDRY,TRUE
24,VGN,TRUE
24,ORGNC,TRUE
24,NGMO,TRUE
24,VGTRN,TRUE
24,KSHR,TRUE
24,GLUFR,TRUE
24,SYFR,TRUE
25,SSZ,1 Cup (245g)
25,SPC,about 2
25,CAL,120
25,CFF,45
25,TFT,8%
25,SFT,13%
25,CHL,5%
25,SDM,23%
25,TCB,6%
25,DFB,4%
25,TFT_2,5g
25,SFT_2,2.5g
25,TRF_2,0g
25,CHL_2,15mg
25,SDM_2,540mg
25,TCB_2,18g
25,DFB_2,1g
25,SGR_2,<1g
25,PRN,3g
25,VTMA,2%
25,VTMC,0%
25,CAL,4%
25,IRN,2%
25,CAL_3,"2,000"
25,CAL_4,"2,500"
25,TLF_4,65g
25,STF_4,20g
25,CHL_4,300mg
25,SDM_4,"2,400mg"
25,TLC_4,300g
25,DTF_4,25g
25,TLF_5,80g
25,STF_5,25g
25,CHL_5,300mg
25,SDM_5,"2,400mg"
25,TLC_5,375g
25,DTF_5,30g
25,INGR,"Filtered Water, Organic Potatoes, Organic Onions, Organic Cream (Milk), Organic Potato Flakes, Organic Corn Starch and/or Organic Potato Starch, Organic Leeks, Organic Cheese Blend (Organic Cheddar Cheese [Organic Cultured Pasteurized Milk, Salt, Enzymes], Organic Nonfat Milk, Organic Buttermilk, Salt, Disodium Phosphate), Organic Chives, Natural Flavors (With Yeast Extract), Organic Roasted Garlic, Sea Salt, Organic Expeller Pressed Canola Oil and/or Organic Safflower Oil and/or Organic Sunflower Oil, Organic Spices.
Contains: Milk."
25,LLSDM,FALSE
25,NDRY,FALSE
25,VGN,FALSE
25,ORGNC,TRUE
25,NGMO,TRUE
25,VGTRN,TRUE
25,KSHR,FALSE
25,GLUFR,FALSE
25,SYFR,TRUE
26,SSZ,1/4 cup (60g)
26,SPC,5
26,CAL,25
26,CFF,5
26,TFT,1%
26,SFT,0%
26,CHL,0%
26,SDM,6%
26,TCB,2%
26,DFB,4%
26,TFT_2,0.5g
26,SFT_2,0g
26,TRF_2,0g
26,CHL_2,0mg
26,SDM_2,135mg
26,TCB_2,5g
26,DFB_2,1g
26,SGR_2,2g
26,PRN,<1g
26,VTMA,2%
26,VTMC,4%
26,CAL,0%
26,IRN,0%
26,CAL_3,"2,000"
26,CAL_4,"2,500"
26,TLF_4,65g
26,STF_4,20g
26,CHL_4,300mg
26,SDM_4,"2,400mg"
26,TLC_4,300g
26,DTF_4,25g
26,TLF_5,80g
26,STF_5,25g
26,CHL_5,300mg
26,SDM_5,"2,400mg"
26,TLC_5,375g
26,DTF_5,30g
26,INGR,"Filtered Water, Organic Tomato Paste, Organic Red Onions, Organic Green Bell Peppers, Organic Celery, Organic Red Bell Peppers, Organic Roasted Garlic, Organic Corn Starch, Organic Extra Virgin Olive Oil, Sea Salt, Organic Spices, Xanthan Gum, Organic White Vinegar, Organic Evaporated Cane Syrup, Organic Onion Granules, Natural Flavors."
26,LLSDM,FALSE
26,NDRY,TRUE
26,VGN,FALSE
26,ORGNC,TRUE
26,NGMO,TRUE
26,VGTRN,TRUE
26,KSHR,FALSE
26,GLUFR,TRUE
26,SYFR,TRUE
27,SSZ,1 Cup (240mL)
27,SPC,4
27,CAL,20
27,CFF,10
27,TFT,2%
27,SFT,0%
27,CHL,1%
27,SDM,5%
27,TCB,1%
27,DFB,0%
27,TFT_2,1g
27,SFT_2,0g
27,TRF_2,0g
27,CHL_2,<5mg
27,SDM_2,125mg
27,TCB_2,2g
27,DFB_2,0g
27,SGR_2,<1g
27,PRN,1g
27,VTMA,0%
27,VTMC,0%
27,CAL,0%
27,IRN,0%
27,CAL_3,"2,000"
27,CAL_4,"2,500"
27,TLF_4,65g
27,STF_4,20g
27,CHL_4,300mg
27,SDM_4,"2,400mg"
27,TLC_4,300g
27,DTF_4,25g
27,TLF_5,80g
27,STF_5,25g
27,CHL_5,300mg
27,SDM_5,"2,400mg"
27,TLC_5,375g
27,DTF_5,30g
27,INGR,"Organic Beef Broth (Filtered Water, Organic Beef), Organic Onions, Organic Celery, Organic Beef Flavor, Organic Carrots, Organic Garlic, Organic Caramel Color, Natural Flavors (with Yeast Extract), Sea Salt, Organic Spices."
27,LLSDM,FALSE
27,NDRY,TRUE
27,VGN,FALSE
27,ORGNC,TRUE
27,NGMO,TRUE
27,VGTRN,FALSE
27,KSHR,FALSE
27,GLUFR,TRUE
27,SYFR,TRUE
28,SSZ,1 Cup (240mL)
28,SPC,4
28,CAL,20
28,CFF,5
28,TFT,1%
28,SFT,0%
28,CHL,1%
28,SDM,5%
28,TCB,1%
28,DFB,0%
28,TFT_2,0.5g
28,SFT_2,0g
28,TRF_2,0g
28,CHL_2,<5mg
28,SDM_2,115mg
28,TCB_2,2g
28,DFB_2,0g
28,SGR_2,<1g
28,PRN,1g
28,VTMA,6%
28,VTMC,0%
28,CAL,0%
28,IRN,0%
28,CAL_3,"2,000"
28,CAL_4,"2,500"
28,TLF_4,65g
28,STF_4,20g
28,CHL_4,300mg
28,SDM_4,"2,400mg"
28,TLC_4,300g
28,DTF_4,25g
28,TLF_5,80g
28,STF_5,25g
28,CHL_5,300mg
28,SDM_5,"2,400mg"
28,TLC_5,375g
28,DTF_5,30g
28,INGR,"Organic Chicken Broth (Filtered Water, Organic Chicken), Organic Onions, Organic Celery, Organic Carrots, Natural Chicken Flavor, Organic Spices, Sea Salt."
28,LLSDM,TRUE
28,NDRY,TRUE
28,VGN,FALSE
28,ORGNC,TRUE
28,NGMO,TRUE
28,VGTRN,FALSE
28,KSHR,FALSE
28,GLUFR,TRUE
28,SYFR,TRUE
29,SSZ,1 Cup (240mL)
29,SPC,4
29,CAL,20
29,CFF,0
29,TFT,0%
29,SFT,0%
29,CHL,0%
29,SDM,6%
29,TCB,1%
29,DFB,3%
29,TFT_2,0g
29,SFT_2,0g
29,TRF_2,0g
29,CHL_2,0mg
29,SDM_2,140mg
29,TCB_2,4g
29,DFB_2,<1g
29,SGR_2,2g
29,PRN,<1g
29,VTMA,10%
29,VTMC,2%
29,CAL,0%
29,IRN,0%
29,CAL_3,"2,000"
29,CAL_4,"2,500"
29,TLF_4,65g
29,STF_4,20g
29,CHL_4,300mg
29,SDM_4,"2,400mg"
29,TLC_4,300g
29,DTF_4,25g
29,TLF_5,80g
29,STF_5,25g
29,CHL_5,300mg
29,SDM_5,"2,400mg"
29,TLC_5,375g
29,DTF_5,30g
29,INGR,"Filtered Water, Organic Onions, Organic Carrots, Organic Celery, Organic Tomato Paste, Organic Spices, Organic Garlic, Organic Expeller Pressed Canola Oil and/or Organic Safflower Oil and/or Organic Sunflower Oil*, Sea Salt. 
*Adds a trivial amount of fat."
29,LLSDM,TRUE
29,NDRY,TRUE
29,VGN,TRUE
29,ORGNC,TRUE
29,NGMO,TRUE
29,VGTRN,TRUE
29,KSHR,TRUE
29,GLUFR,TRUE
29,SYFR,TRUE
30,SSZ,1 Cup (240mL)
30,SPC,4
30,CAL,10
30,CFF,0
30,TFT,0%
30,SFT,0%
30,CHL,0%
30,SDM,6%
30,TCB,1%
30,DFB,0%
30,TFT_2,0g
30,SFT_2,0g
30,TRF_2,0g
30,CHL_2,0mg
30,SDM_2,140mg
30,TCB_2,2g
30,DFB_2,0g
30,SGR_2,<1g
30,PRN,0g
30,VTMA,6%
30,VTMC,0%
30,CAL,0%
30,IRN,0%
30,CAL_3,"2,000"
30,CAL_4,"2,500"
30,TLF_4,65g
30,STF_4,20g
30,CHL_4,300mg
30,SDM_4,"2,400mg"
30,TLC_4,300g
30,DTF_4,25g
30,TLF_5,80g
30,STF_5,25g
30,CHL_5,300mg
30,SDM_5,"2,400mg"
30,TLC_5,375g
30,DTF_5,30g
30,INGR,"Filtered Water, Organic Onions, Organic Celery, Organic Carrots, Organic Spices, Natural Flavors, Organic Expeller Pressed Canola Oil and/or Organic Safflower Oil and/or Organic Sunflower Oil*, Sea Salt, Organic Garlic. 
*Adds a trivial amount of fat."
30,LLSDM,TRUE
30,NDRY,TRUE
30,VGN,TRUE
30,ORGNC,TRUE
30,NGMO,TRUE
30,VGTRN,TRUE
30,KSHR,TRUE
30,GLUFR,TRUE
30,SYFR,TRUE
31,SSZ,1 Cup (245mL)
31,SPC,2
31,CAL,100
31,CFF,10
31,TFT,2%
31,SFT,0%
31,CHL,0%
31,SDM,20%
31,TCB,7%
31,DFB,13%
31,TFT_2,1g
31,SFT_2,0g
31,TRF_2,0g
31,CHL_2,0mg
31,SDM_2,480mg
31,TCB_2,21g
31,DFB_2,3g
31,SGR_2,7g
31,PRN,2g
31,VTMA,25%
31,VTMC,2%
31,CAL,4%
31,IRN,6%
31,CAL_3,"2,000"
31,CAL_4,"2,500"
31,TLF_4,65g
31,STF_4,20g
31,CHL_4,300mg
31,SDM_4,"2,400mg"
31,TLC_4,300g
31,DTF_4,25g
31,TLF_5,80g
31,STF_5,25g
31,CHL_5,300mg
31,SDM_5,"2,400mg"
31,TLC_5,375g
31,DTF_5,30g
31,INGR,"Filtered Water, Organic Carrots, Organic Spinach, Organic Chickpeas (Organic Garbanzo Beans, Organic Corn Starch and/or Organic Potato Starch, Organic Red Bell Peppers, Organic Evaporated Cane Syrup, Organic Brown Rice Flour, Organic Tomato Paste, Organic Vegetable Concentrate (Organic Tomato Paste, Organic Vegetables [Organic Celery, Organic Carrot, Organic Onion], Organic Evaporated Cane Syrup, Yeast Extract, Organic Flavor), Sea Salt, Organic Spices, Natural Flavors, Organic Cilantro."
31,LLSDM,FALSE
31,NDRY,TRUE
31,VGN,TRUE
31,ORGNC,TRUE
31,NGMO,TRUE
31,VGTRN,TRUE
31,KSHR,FALSE
31,GLUFR,FALSE
31,SYFR,TRUE
32,SSZ,1 Cup (240mL)
32,SPC,4
32,CAL,35
32,CFF,10
32,TFT,2%
32,SFT,0%
32,CHL,0%
32,SDM,35%
32,TCB,1%
32,DFB,2%
32,TFT_2,1g
32,SFT_2,0g
32,TRF_2,0g
32,CHL_2,0mg
32,SDM_2,850mg
32,TCB_2,4g
32,DFB_2,<1g
32,SGR_2,2g
32,PRN,2g
32,VTMA,0%
32,VTMC,0%
32,CAL,0%
32,IRN,2%
32,CAL_3,"2,000"
32,CAL_4,"2,500"
32,TLF_4,65g
32,STF_4,20g
32,CHL_4,300mg
32,SDM_4,"2,400mg"
32,TLC_4,300g
32,DTF_4,25g
32,TLF_5,80g
32,STF_5,25g
32,CHL_5,300mg
32,SDM_5,"2,400mg"
32,TLC_5,375g
32,DTF_5,30g
32,INGR,"Filtered Water, Organic Yellow and Red Miso Paste (Organic Whole Soybeans, Organic Rice, Sea Salt, Koji Starter [Aspergillus Oryzae]), Organic Flavors, Organic Onion Powder, Natural Flavors, Organic Evaporated Cane Syrup, Organic Potato Starch, Yeast Extract, Organic Ginger Juice, Organic Expeller Pressed Canola Oil and/or Organic Safflower Oil and/or Organic Sunflower Oil. 
Contains: Soy."
32,LLSDM,FALSE
32,NDRY,TRUE
32,VGN,TRUE
32,ORGNC,TRUE
32,NGMO,TRUE
32,VGTRN,TRUE
32,KSHR,TRUE
32,GLUFR,TRUE
32,SYFR,TRUE
33,SSZ,1 Cup (240mL)
33,SPC,4
33,CAL,25
33,CFF,10
33,TFT,2%
33,SFT,0%
33,CHL,0%
33,SDM,22%
33,TCB,1%
33,DFB,3%
33,TFT_2,1g
33,SFT_2,0g
33,TRF_2,0g
33,CHL_2,0mg
33,SDM_2,530mg
33,TCB_2,3g
33,DFB_2,<1g
33,SGR_2,<1g
33,PRN,1g
33,VTMA,0%
33,VTMC,0%
33,CAL,0%
33,IRN,0%
33,CAL_3,"2,000"
33,CAL_4,"2,500"
33,TLF_4,65g
33,STF_4,20g
33,CHL_4,300mg
33,SDM_4,"2,400mg"
33,TLC_4,300g
33,DTF_4,25g
33,TLF_5,80g
33,STF_5,25g
33,CHL_5,300mg
33,SDM_5,"2,400mg"
33,TLC_5,375g
33,DTF_5,30g
33,INGR,"Filtered Water, Organic Flavors (with Organic Wheat), Organic Tamari Soy Sauce (Organic Whole Soybeans, Salt), Organic Mirin (Organic Sake [Organic Rice, Koji {Aspergillus Oryzae}], Organic Sugar, Salt), Organic Ginger Juice, Natural Flavors, Organic Toasted Sesame Oil, Yeast Extract. 
Contains: Wheat, Soy. "
33,LLSDM,FALSE
33,NDRY,TRUE
33,VGN,TRUE
33,ORGNC,TRUE
33,NGMO,TRUE
33,VGTRN,TRUE
33,KSHR,TRUE
33,GLUFR,TRUE
33,SYFR,TRUE
34,SSZ,1 Cup (240mL)
34,SPC,4
34,CAL,20
34,CFF,0
34,TFT,0%
34,SFT,0%
34,CHL,0%
34,SDM,27%
34,TCB,1%
34,DFB,3%
34,TFT_2,0g
34,SFT_2,0g
34,TRF_2,0g
34,CHL_2,0mg
34,SDM_2,640mg
34,TCB_2,4g
34,DFB_2,<1g
34,SGR_2,2g
34,PRN,<1g
34,VTMA,10%
34,VTMC,2%
34,CAL,0%
34,IRN,0%
34,CAL_3,"2,000"
34,CAL_4,"2,500"
34,TLF_4,65g
34,STF_4,20g
34,CHL_4,300mg
34,SDM_4,"2,400mg"
34,TLC_4,300g
34,DTF_4,25g
34,TLF_5,80g
34,STF_5,25g
34,CHL_5,300mg
34,SDM_5,"2,400mg"
34,TLC_5,375g
34,DTF_5,30g
34,INGR,"Filtered Water, Organic Onions, Organic Carrots, Organic Celery, Organic Tomato Paste, Sea Salt, Organic Spices, Organic Garlic, Organic Expeller Pressed Canola Oil and/or Organic Safflower Oil and/or Organic Sunflower Oil*.
*Adds a trivial amount of fat. "
34,LLSDM,FALSE
34,NDRY,TRUE
34,VGN,TRUE
34,ORGNC,TRUE
34,NGMO,TRUE
34,VGTRN,FALSE
34,KSHR,TRUE
34,KSHR,TRUE
34,KSHR,TRUE
35,SSZ,1 Cup (245mL)
35,SPC,2
35,CAL,120
35,CFF,30
35,TFT,5%
35,SFT,8%
35,CHL,2%
35,SDM,22%
35,TCB,6%
35,DFB,6%
35,TFT_2,3.5g
35,SFT_2,1.5g
35,TRF_2,0g
35,CHL_2,5mg
35,SDM_2,530mg
35,TCB_2,19g
35,DFB_2,2g
35,SGR_2,<1g
35,PRN,2g
35,VTMA,8%
35,VTMC,8%
35,CAL,4%
35,IRN,6%
35,CAL_3,"2,000"
35,CAL_4,"2,500"
35,TLF_4,65g
35,STF_4,20g
35,CHL_4,300mg
35,SDM_4,"2,400mg"
35,TLC_4,300g
35,DTF_4,25g
35,TLF_5,80g
35,STF_5,25g
35,CHL_5,300mg
35,SDM_5,"2,400mg"
35,TLC_5,375g
35,DTF_5,30g
35,INGR,"Filtered Water, Organic Potatoes, Organic Caramelized Onions, Organic Spinach, Organic Potato Starch and/or Organic Corn Starch, Organic Quinoa, Organic Cream (Milk), Organic Roasted Garlic, Natural Flavors (with Yeast Extract), Sea Salt, Organic Expeller Pressed Canola Oil and/or Organic Safflower Oil and/or Organic Sunflower Oil, Organic Cilantro, Organic Jalapeno Peppers, Organic Spices.
Contains: Milk."
35,LLSDM,FALSE
35,NDRY,FALSE
35,VGN,FALSE
35,ORGNC,TRUE
35,NGMO,TRUE
35,VGTRN,TRUE
35,KSHR,FALSE
35,GLUFR,FALSE
35,SYFR,TRUE
36,SSZ,1/4 Cup (64g)
36,SPC,6
36,CAL,15
36,CFF,5
36,TFT,1%
36,SFT,0%
36,CHL,0%
36,SDM,9%
36,TCB,1%
36,DFB,0%
36,TFT_2,0.5g
36,SFT_2,0g
36,TRF_2,0g
36,CHL_2,0mg
36,SDM_2,220mg
36,TCB_2,2g
36,DFB_2,0g
36,SGR_2,0g
36,PRN,0g
36,VTMA,0%
36,VTMC,0%
36,CAL,0%
36,IRN,0%
36,CAL_3,"2,000"
36,CAL_4,"2,500"
36,TLF_4,65g
36,STF_4,20g
36,CHL_4,300mg
36,SDM_4,"2,400mg"
36,TLC_4,300g
36,DTF_4,25g
36,TLF_5,80g
36,STF_5,25g
36,CHL_5,300mg
36,SDM_5,"2,400mg"
36,TLC_5,375g
36,DTF_5,30g
36,INGR,"Filtered Water, Organic Corn Starch, Organic Turkey Flavor (Includes Organic Turkey Flavor with Organic Turkey, Organic Turkey Skins, Organic Evaporated Cane Syrup, Organic Roasted Turkey Flavor, Organic Onion Powder, Organic Soy Lecithin, Yeast Extract, Organic Turmeric, Organic Gum Arabic), Contains Less Than 2 % of; Organic Turkey Fat or Organic Chicken Fat, Sea Salt, Organic Caramel Color, Organic Yeast Extract, Xanthan Gum, Organic Spice. Contains: Soy. "
36,LLSDM,FALSE
36,NDRY,TRUE
36,VGN,FALSE
36,ORGNC,TRUE
36,NGMO,TRUE
36,VGTRN,FALSE
36,KSHR,FALSE
36,GLUFR,TRUE
36,SYFR,TRUE
37,SSZ,1/4 Cup (64g)
37,SPC,6
37,CAL,15
37,CFF,0
37,TFT,0%
37,SFT,0%
37,CHL,0%
37,SDM,11%
37,TCB,1%
37,DFB,0%
37,TFT_2,0g
37,SFT_2,0g
37,TRF_2,0g
37,CHL_2,0mg
37,SDM_2,260mg
37,TCB_2,3g
37,DFB_2,0g
37,SGR_2,0g
37,PRN,0g
37,VTMA,0%
37,VTMC,0%
37,CAL,0%
37,IRN,0%
37,CAL_3,"2,000"
37,CAL_4,"2,500"
37,TLF_4,65g
37,STF_4,20g
37,CHL_4,300mg
37,SDM_4,"2,400mg"
37,TLC_4,300g
37,DTF_4,25g
37,TLF_5,80g
37,STF_5,25g
37,CHL_5,300mg
37,SDM_5,"2,400mg"
37,TLC_5,375g
37,DTF_5,30g
37,INGR,"Organic Beef Stock (Filtered Water, Organic Concentrated Beef Stock [Organic Beef Stock, Salt]), Organic Corn Starch, Contains Less Than 2% of: Organic Beef Flavor (Includes Organic Beef Stock Concentrate [Organic Beef, Organic Beef Stock], Sea Salt, Organic Caramel Color, Organic Onion Powder, Organic Garlic Powder, Organic Evaporated Cane Syrup, Yeast Extract, Organic Spice, Organic Natural Flavor, Xanthan Gum), Organic Brown Rice Flour, Sea Salt, Organic Evaporated Cane Syrup, Organic Beef Fat (Organic Beef Fat, Tocopherol), Organic Onion Flavor (Organic Onions, Organic Sunflower Oil, Sea Salt), Organic Caramel Color, Organic Yeast Extract, Xanthan Gum, Organic Spice."
37,LLSDM,FALSE
37,NDRY,TRUE
37,VGN,FALSE
37,ORGNC,TRUE
37,NGMO,TRUE
37,VGTRN,FALSE
37,KSHR,FALSE
37,GLUFR,TRUE
37,SYFR,TRUE
38,SSZ,1 Cup (245g)
38,SPC,about 2
38,CAL,140
38,CFF,0
38,TFT,0%
38,SFT,0%
38,CHL,0%
38,SDM,24%
38,TCB,10%
38,DFB,32%
38,TFT_2,0g
38,SFT_2,0g
38,TRF_2,0g
38,CHL_2,0mg
38,SDM_2,570mg
38,TCB_2,29g
38,DFB_2,8g
38,SGR_2,6g
38,PRN,7g
38,VTMA,4%
38,VTMC,0%
38,CAL,6%
38,IRN,6%
38,CAL_3,"2,000"
38,CAL_4,"2,500"
38,TLF_4,65g
38,STF_4,20g
38,CHL_4,300mg
38,SDM_4,"2,400mg"
38,TLC_4,300g
38,DTF_4,25g
38,TLF_5,80g
38,STF_5,25g
38,CHL_5,300mg
38,SDM_5,"2,400mg"
38,TLC_5,375g
38,DTF_5,30g
38,INGR,"Filtered Water, Organic Black Beans, Organic Tomatoes (Organic Tomatoes, Organic Tomato Juice), Organic Tomato Paste, Organic Onions, Organic Corn, Organic Black Bean Flakes (Organic Black Beans, Salt), Organic Corn Starch, Organic Red Peppers, Sea Salt, Organic Evaporated Cane Syrup, Organic Spices, Organic Garlic Powder. "
38,LLSDM,FALSE
38,NDRY,TRUE
38,VGN,TRUE
38,ORGNC,TRUE
38,NGMO,TRUE
38,VGTRN,TRUE
38,KSHR,FALSE
38,GLUFR,FALSE
38,SYFR,TRUE
39,SSZ,1 Cup (240mL)
39,SPC,4
39,CAL,10
39,CFF,0
39,TFT,0%
39,SFT,0%
39,CHL,3%
39,SDM,8%
39,TCB,0%
39,DFB,0%
39,TFT_2,0g
39,SFT_2,0g
39,TRF_2,0g
39,CHL_2,10mg
39,SDM_2,200mg
39,TCB_2,1g
39,DFB_2,0g
39,SGR_2,0g
39,PRN,1g
39,VTMA,0%
39,VTMC,0%
39,CAL,0%
39,IRN,0%
39,CAL_3,"2,000"
39,CAL_4,"2,500"
39,TLF_4,65g
39,STF_4,20g
39,CHL_4,300mg
39,SDM_4,"2,400mg"
39,TLC_4,300g
39,DTF_4,25g
39,TLF_5,80g
39,STF_5,25g
39,CHL_5,300mg
39,SDM_5,"2,400mg"
39,TLC_5,375g
39,DTF_5,30g
39,INGR,"Fish Stock (Filtered Water, Natural Dried Codfish), Organic Vegetable Flavor (Includes Organic Carrot, Organic Onion, Organic Celery, Sea Salt), Natural Flavors (Includes Tomatoes). 
Contains: Fish. May Contain Shellfish."
39,LLSDM,FALSE
39,NDRY,TRUE
39,VGN,FALSE
39,ORGNC,FALSE
39,NGMO,TRUE
39,VGTRN,FALSE
39,KSHR,TRUE
39,GLUFR,TRUE
39,SYFR,TRUE
40,SSZ,1 Cup (245g)
40,SPC,2
40,CAL,80
40,CFF,20
40,TFT,3%
40,SFT,0%
40,CHL,2%
40,SDM,31%
40,TCB,3%
40,DFB,8%
40,TFT_2,2g
40,SFT_2,0g
40,TRF_2,0g
40,CHL_2,5mg
40,SDM_2,750mg
40,TCB_2,10g
40,DFB_2,2g
40,SGR_2,2g
40,PRN,5g
40,VTMA,2%
40,VTMC,6%
40,CAL,0%
40,IRN,4%
40,CAL_3,"2,000"
40,CAL_4,"2,500"
40,TLF_4,65g
40,STF_4,20g
40,CHL_4,300mg
40,SDM_4,"2,400mg"
40,TLC_4,300g
40,DTF_4,25g
40,TLF_5,80g
40,STF_5,25g
40,CHL_5,300mg
40,SDM_5,"2,400mg"
40,TLC_5,375g
40,DTF_5,30g
40,INGR,"Filtered Water, Cooked Chicken Meat (Chicken Meat, Water, Potato Starch, Sea Salt), Carrots*, Edamame*, Pasta* (Durum* [Wheat], Egg Whites*), Soy Sauce* (Soybeans*, Wheat*, Salt), Mung Bean Sprouts, Corn Starch*, Yellow Miso Paste* (Soybeans*, Rice*, Sea Salt, Koji Starter [Aspergillus Oryzae]), Green Onions*, Rice Vinegar*, Ginger Puree, Vegetable Flavor* (Includes Vegetables* [Carrot*, Onion*, Celery*}, Canola Oil*, Carrot Powder*, Potato Flour*, Spice*), Toasted Sesame Oil*, Sea Salt, Evaporated Cane Syrup*, Flavors, Spices*, Onion Powder*.
Contains: Wheat, Egg, Soy.
*Certified Organic."
40,LLSDM,FALSE
40,NDRY,TRUE
40,VGN,FALSE
40,ORGNC,FALSE
40,NGMO,TRUE
40,VGTRN,FALSE
40,KSHR,FALSE
40,GLUFR,FALSE
40,SYFR,TRUE
41,SSZ,1/4 Cup (60g)
41,SPC,5
41,CAL,45
41,CFF,30
41,TFT,5%
41,SFT,10%
41,CHL,0%
41,SDM,10%
41,TCB,1%
41,DFB,5%
41,TFT_2,3.5g
41,SFT_2,2g
41,TRF_2,0g
41,CHL_2,0mg
41,SDM_2,240mg
41,TCB_2,3g
41,DFB_2,1g
41,SGR_2,<1g
41,PRN,<1g
41,VTMA,2%
41,VTMC,2%
41,CAL,0%
41,IRN,0%
41,CAL_3,"2,000"
41,CAL_4,"2,500"
41,TLF_4,65g
41,STF_4,20g
41,CHL_4,300mg
41,SDM_4,"2,400mg"
41,TLC_4,300g
41,DTF_4,25g
41,TLF_5,80g
41,STF_5,25g
41,CHL_5,300mg
41,SDM_5,"2,400mg"
41,TLC_5,375g
41,DTF_5,30g
41,INGR,"Filtered Water, Organic Onions, Organic Red Bell Peppers, Organic Coconut Cream, Organic Tomato Paste, Organic Roasted Garlic, Organic Cilantro, Organic Ginger, Sea Salt, Organic Expeller Pressed Canola Oil, Organic Spices (Includes Organic Turmeric), Organic Vegetable Base (Includes Organic Vegetables [Organic Carrot, Organic Celery, Organic Onion], Organic Carrot Powder, Organic Potato Flour, Organic Onion Powder), Organic Corn Starch, Organic Toasted Sesame Oil, Xanthan Gum, Natural Flavors. 
Contains: Coconut."
41,LLSDM,FALSE
41,NDRY,TRUE
41,VGN,FALSE
41,ORGNC,TRUE
41,NGMO,TRUE
41,VGTRN,TRUE
41,KSHR,FALSE
41,GLUFR,TRUE
41,SYFR,TRUE
42,SSZ,1 Cup (245g)
42,SPC,2
42,CAL,80
42,CFF,25
42,TFT,4%
42,SFT,8%
42,CHL,3%
42,SDM,26%
42,TCB,5%
42,DFB,4%
42,TFT_2,2.5g
42,SFT_2,1.5g
42,TRF_2,0g
42,CHL_2,10mg
42,SDM_2,630mg
42,TCB_2,15g
42,DFB_2,1g
42,SGR_2,8g
42,PRN,2g
42,VTMA,4%
42,VTMC,0%
42,CAL,4%
42,IRN,0%
42,CAL_3,"2,000"
42,CAL_4,"2,500"
42,TLF_4,65g
42,STF_4,20g
42,CHL_4,300mg
42,SDM_4,"2,400mg"
42,TLC_4,300g
42,DTF_4,25g
42,TLF_5,80g
42,STF_5,25g
42,CHL_5,300mg
42,SDM_5,"2,400mg"
42,TLC_5,375g
42,DTF_5,30g
42,INGR,"Organic Tomatoes (Organic Tomatoes, Organic Tomato Juice), Filtered Water, Organic Tomato Paste, Organic Cream (Milk), Organic Evaporated Cane Syrup, Organic Corn Starch, Sea Salt, Organic Basil, Organic Onion Powder, Organic Flavor, Organic Garlic Powder, Citric Acid, Organic Spices. 
Contains: Milk."
42,LLSDM,FALSE
42,NDRY,FALSE
42,VGN,FALSE
42,ORGNC,TRUE
42,NGMO,TRUE
42,VGTRN,TRUE
42,KSHR,FALSE
42,GLUFR,FALSE
42,SYFR,TRUE
43,SSZ,1 Cup (240mL)
43,SPC,4
43,CAL,15
43,CFF,0g
43,TFT,0%
43,SFT,0%
43,CHL,0%
43,SDM,22%
43,TCB,1%
43,DFB,0%
43,TFT_2,0g
43,SFT_2,0g
43,TRF_2,0g
43,CHL_2,0mg
43,SDM_2,520mg
43,TCB_2,2g
43,DFB_2,0g
43,SGR_2,<1g
43,PRN,0g
43,VTMA,6%
43,VTMC,0%
43,CAL,0%
43,IRN,0%
43,CAL_3,"2,000"
43,CAL_4,"2,500"
43,TLF_4,65g
43,STF_4,20g
43,CHL_4,300mg
43,SDM_4,"2,400mg"
43,TLC_4,300g
43,DTF_4,25g
43,TLF_5,80g
43,STF_5,25g
43,CHL_5,300mg
43,SDM_5,"2,400mg"
43,TLC_5,375g
43,DTF_5,30g
43,INGR,"Filtered Water, Organic Onions, Organic Celery, Organic Carrots, Sea Salt, Organic Spices, Organic Expeller Pressed Canola Oil and/or Organic Safflower Oil and/or Organic Sunflower Oil*, Organic Garlic. 
*Adds a trivial amount of fat."
43,LLSDM,FALSE
43,NDRY,TRUE
43,VGN,TRUE
43,ORGNC,TRUE
43,NGMO,TRUE
43,VGTRN,TRUE
43,KSHR,TRUE
43,GLUFR,TRUE
43,SYFR,TRUE
44,SSZ,1/4 Cup (64g)
44,SPC,6
44,CAL,10
44,CFF,0
44,TFT,0%
44,SFT,0%
44,CHL,0%
44,SDM,7%
44,TCB,1%
44,DFB,0%
44,TFT_2,0g
44,SFT_2,0g
44,TRF_2,0g
44,CHL_2,0mg
44,SDM_2,170mg
44,TCB_2,3g
44,DFB_2,0g
44,SGR_2,0g
44,PRN,0g
44,VTMA,0%
44,VTMC,0%
44,CAL,0%
44,IRN,0%
44,CAL_3,"2,000"
44,CAL_4,"2,500"
44,TLF_4,65g
44,STF_4,20g
44,CHL_4,300mg
44,SDM_4,"2,400mg"
44,TLC_4,300g
44,DTF_4,25g
44,TLF_5,80g
44,STF_5,25g
44,CHL_5,300mg
44,SDM_5,"2,400mg"
44,TLC_5,375g
44,DTF_5,30g
44,INGR,"Filtered Water, Organic Corn Starch, Contains Less Than 2% of: Organic Mushroom Flavor (Includes Organic Mushrooms, Organic Soy Sauce [Organic Soybeans, Salt], Organic Mushroom Powder, Organic Canola Oil, Organic Molasses, Yeast Extract, Organic Potato Flour, Organic Flavor, Organic Onion Powder, Flavor, Organic Yeast Extract), Sea Salt, Organic Vegetable Flavor (Includes Organic Carrots, Organic Onions, Organic Celery, Sea Salt), Organic Evaporated Cane Syrup, Organic Garlic Powder, Natural Flavors, Organic Yeast Extract, Xanthan Gum, Organic Carmel Color, Organic Spice.
Contains: Soy."
44,LLSDM,FALSE
44,NDRY,TRUE
44,VGN,TRUE
44,ORGNC,TRUE
44,NGMO,TRUE
44,VGTRN,TRUE
44,KSHR,FALSE
44,GLUFR,TRUE
44,SYFR,TRUE
45,SSZ,1 Cup (245g)
45,SPC,2
45,CAL,110
45,CFF,10
45,TFT,2%
45,SFT,0%
45,CHL,0%
45,SDM,20%
45,TCB,7%
45,DFB,17%
45,TFT_2,1g
45,SFT_2,0g
45,TRF_2,0g
45,CHL_2,0mg
45,SDM_2,480mg
45,TCB_2,21g
45,DFB_2,4g
45,SGR_2,1g
45,PRN,4g
45,VTMA,15%
45,VTMC,6%
45,CAL,6%
45,IRN,6%
45,CAL_3,"2,000"
45,CAL_4,"2,500"
45,TLF_4,65g
45,STF_4,20g
45,CHL_4,300mg
45,SDM_4,"2,400mg"
45,TLC_4,300g
45,DTF_4,25g
45,TLF_5,80g
45,STF_5,25g
45,CHL_5,300mg
45,SDM_5,"2,400mg"
45,TLC_5,375g
45,DTF_5,30g
45,INGR,"Filtered Water, Organic White Beans, Organic Carrots, Organic Corn Starch and/or Organic Potato Starch, Organic Kale, Organic Celery, Natural Flavors, Organic Onion Powder, Sea Salt, Organic Garlic Powder, Organic Spices."
45,LLSDM,FALSE
45,NDRY,TRUE
45,VGN,TRUE
45,ORGNC,TRUE
45,NGMO,TRUE
45,VGTRN,TRUE
45,KSHR,FALSE
45,GLUFR,FALSE
45,SYFR,TRUE
46,SSZ,1 Carton
46,SPC,
46,CAL,20
46,CFF,5
46,TFT,1%
46,SFT,0%
46,CHL,1%
46,SDM,2%
46,TCB,1%
46,DFB,0%
46,TFT_2,0.5g
46,SFT_2,0g
46,TRF_2,0g
46,CHL_2,<5mg
46,SDM_2,40mg
46,TCB_2,2g
46,DFB_2,0g
46,SGR_2,<1g
46,PRN,1g
46,VTMA,6%
46,VTMC,0%
46,CAL,0%
46,IRN,0%
46,CAL_3,"2,000"
46,CAL_4,"2,500"
46,TLF_4,65g
46,STF_4,20g
46,CHL_4,300mg
46,SDM_4,"2,400mg"
46,TLC_4,300g
46,DTF_4,25g
46,TLF_5,80g
46,STF_5,25g
46,CHL_5,300mg
46,SDM_5,"2,400mg"
46,TLC_5,375g
46,DTF_5,30g
46,INGR,"Organic Chicken Broth (Filtered Water, Organic Chicken), Organic Onions, Organic Celery, Organic Carrots, Natural Chicken Flavor, Organic Spices."
46,LLSDM,TRUE
46,NDRY,TRUE
46,VGN,FALSE
46,ORGNC,TRUE
46,NGMO,TRUE
46,VGTRN,FALSE
46,KSHR,TRUE
46,GLUFR,TRUE
46,SYFR,TRUE
47,SSZ,1 Carton
47,SPC,
47,CAL,20
47,CFF,0
47,TFT,0%
47,SFT,0%
47,CHL,0%
47,SDM,1%
47,TCB,1%
47,DFB,3%
47,TFT_2,0g
47,SFT_2,0g
47,TRF_2,0g
47,CHL_2,0g
47,SDM_2,25mg
47,TCB_2,4g
47,DFB_2,<1g
47,SGR_2,2g
47,PRN,<1g
47,VTMA,10%
47,VTMC,2%
47,CAL,0%
47,IRN,0%
47,CAL_3,"2,000"
47,CAL_4,"2,500"
47,TLF_4,65g
47,STF_4,20g
47,CHL_4,300mg
47,SDM_4,"2,400mg"
47,TLC_4,300g
47,DTF_4,25g
47,TLF_5,80g
47,STF_5,25g
47,CHL_5,300mg
47,SDM_5,"2,400mg"
47,TLC_5,375g
47,DTF_5,30g
47,INGR,"Filtered Water, Organic Onions, Organic Carrots, Organic Celery, Organic Tomato Paste, Organic Spices, Organic Garlic, Organic Expeller Pressed Canola Oil and/or Organic Safflower Oil and/or Organic Sunflower Oil*. 
*Adds a trivial amount of fat"
47,LLSDM,TRUE
47,NDRY,TRUE
47,VGN,TRUE
47,ORGNC,TRUE
47,NGMO,TRUE
47,VGTRN,TRUE
47,KSHR,TRUE
47,GLUFR,TRUE
47,SYFR,TRUE